qid	text
10008	奇门遁甲测事情真假
10012	窦靖童周冬雨为啥分手
10047	艺术与科技专业对绘画功底要求高吗
10061	手机icon怎样关闭
10094	劳动法工资 是总工资
10103	冠道发动机自动启停怎么永久关闭
10167	视频和照片合成用什么软件
10178	博世钇金火花塞怎么样
10197	多肉叶片扦插方法
10219	坐便器蹲坑儿,25个厘米是怎么回事
10238	电商行业排名
10282	眉毛里磕了一道口子会影响婚姻吗
10292	痔疮手术后肛门内痣黏膜腐烂怎么办
10306	海口五源河体育广场很好嘛
10346	不得再次申请行政许可
10369	2021年如何快速离婚
10381	苏州叶山村在西山吗
10426	儿童涂氟的种类
10444	follow作动词
10519	私生活韩剧什么时候更新
10587	游戏防沉迷注册身份证
1059	艾滋病多久能查出来
10591	梯形面积是先乘高还是先除以2
10615	大回香潮湿怕冻吗
10636	怎么打开门锁
10715	六味地方丸的功效与作用
10738	润唇膏的作用
1075	全网通的苹果12就是国行版的吗
10756	体检血压121/88
10779	当贝f3耳机插孔接触不良
10803	12个红包做灯笼的方法
10816	长方体的棱长和公式
10820	望奎几例确诊了
10835	额头摔破了可以第二天缝针吗
10869	做臀桥可以缩阴吗
10879	自己发的抖音视频怎么删除
10900	私立高中1002私立高中
10937	红景天冻干粉打开后必须一天用完吗
10949	幻如隔世的意思
1096	彩票最高中奖多少亿
1097	马德福原型最后做什么工作
1109	周文雍的诗
11155	秦海璐什么时候割双眼皮
1117	女性淋渗有什么症状
1120	账户冻结多久抓人
11204	有上升的机会不敢去尝试怎么办
11215	浙江羊毛衫品牌排行榜
11239	铁打心肠一枝花谜底
11261	指纹损坏怎么修复
11311	屁股上的穴位按摩肿了
11333	自幼离家打防疫三字词
11342	职业规划书的职业技能
11376	东莞桥头到深圳龙华要多少钱
11386	伤口摸啥不留疤
11399	谷歌图转cad软件
11425	怎样用牙膏壳补塑料盆
1152	做88路车回家黄发小时候是第几集
11522	机构代码和纳税人识别号是一回事
11524	能睡说明怀孕了吗
11533	装一部电梯多少钱5楼
1154	郑州新东方培训学校怎么样
11557	谁都想破我的壁 起点
11579	小儿小便失禁是什么原因
11623	本人及家庭成员现实表现情况
11642	煮馍的家常做法
11652	进富士康面试什么
11696	没有办理工行贷记卡突然显示欠钱
11727	素鱼翅和鱼翅的区别
11736	上禾购官网正规吗
11759	只狼键盘按键取消设定
11775	十大运动app推荐
1178	孕周越大nt值越大吗
11788	黄飞鸿徒弟还活着么
11828	奥迪a6l3.0t油耗
1184	沙田镇沐足休闲会所
11850	乌龟吃肉拉白色油状屎正常吗
11891	高磷食物有哪些
11928	停经52天没有胎心月经推迟很不规律
11943	水磨石地面打蜡抛光
11949	肩宽h型身材适合穿露肩的吗
11982	警察锅哥医院抢劫案是第几集
12007	没你可活的说说
12045	面具老是掉怎么办
12061	充电器快慢看什么参数
12079	河北天成药业股份有限公司有五险一金吗
12081	谷歌怎么查看出生日期
12087	iwatch 5只能更新到7
12091	结肠炎冲剂的口服疗法
12099	杼为什么念shu
12105	s3103什么芯片
1211	天涯共此屎是什么软件
12121	睡衣睡裤长衫长裤几种穿法
12149	胃低分化腺癌三期算不算晚期
12154	想不想修真祈愿口令2021
12166	剧本杀房卡是什么意思
12200	小凸阵探头使用频率
12209	五粮液适合长期收藏吗
12222	二十四山四维山藏天干是什么
12249	iphone记忆日功能在哪里
12284	诚实是最大的美德
12289	什么情况下公安才会监控别人的手机
12306	情绪对孩子的影响读后感
12351	联想g50bi0s下不认优盘为什么
1239	公考和国考是什么意思
12391	轲用于人名好不好
1242	中间位置的点
1243	结婚应该在晚上还是早上
12443	十六在谁的后面
12461	水务是做什么的
12484	垂体在生物体结构层次上属于
12487	赢领怎么设置密码
12547	3年以内二手车的价格
12572	麦冬的功效与作用吃法
12584	日照银行代发工资网银操作流程
12597	上海市周围哪个市的房价便宜
12598	晚上脱脂牛奶泡燕麦片可以减肥吗
12628	优盘怎样才能在小米6手机上播放
12636	哪有忌酒的医院还 清风诚实
12757	贵州高速限重标准
12799	一个男人对你有意思要删除他吗
12812	山东载信物流坑人吗
12821	三轮车电机2000配上控制5000
12829	粘过发动机号的旧车过户
12832	hive严格模式和非严格模式
12841	医院腕带等级
1286	python编程做出空心棱形
12932	扒手的扒多音字是什么
12939	带漏保的排插有什么好处
12968	1000韩币兑人民币怎么计算
12983	脑梗导致右胳膊有感觉但无力量
13007	上宋词欣赏课的收获
1303	画个绿太阳夏天真清凉猜字谜
13048	美丽的布局对不对
13061	自贡东部新城在哪里
1309	肾俞怎么简单取准确
13099	sqlmax函数怎么用
13106	一件上衣比一条裤子贵360元,并且上衣的价格
13109	赵本山去世是真的吗
13115	货拉拉一堆课170公里多少钱
1314	2020香港买劳力士间金蓝多少钱
13198	纪检干部培训材料
13223	洛克公园篮球多少钱一个小时
13229	稳态温度场和非稳态温度场
13242	如何删除支付宝账号
13275	2021年大连开发区哪里能免费摆地摊
13284	小熊围巾怎么织
1331	王者签名什么最酷
13320	nihss评分如何分等级
13372	石家庄有几个国办铁路学校
13379	坎宁汉修正系数什么时候必须考虑
13389	扒皮鱼学名叫什么
13455	度假区大海晏村搬迁吗
13464	为什么xr玩游戏卡
13469	脚指灌脓了的处理方法
13492	现在一瓶粉底液
13495	点痣是冷冻吗
13501	高危一次艾滋病感染率
13586	沈阳麓林春雨规划有地铁吗
13618	希沃开机黑屏
13629	装字母什么意思
13652	上海南京路哪些东西值得买
13663	同性婚姻合法化国家
13664	酒酿蛋要几疗程才升杯
13673	做完阴道镜检查可以干活吗
13770	阿克灵顿足球俱乐部又叫什么
13777	侮辱动漫犯法吗
13803	村干部换届选举时间
13818	房地产实习报告怎么写
13819	文具盒的面积约为48平方厘米正确吗
13828	薛之谦的音乐属于什么类型
1385	条子丢失退钱证明
13855	高考专科志愿查询时间
13860	血管里的栓能自溶吗
13883	如何判断生男生女最准确方法
13957	wps怎么让多行字长度一样
13959	win10宽带账户和密码在哪个文件夹
1400	杨柳木命是什么命
14004	化生地这个组合怎么样
14030	国有资产被诈骗员工负什么责任
1406	秦腔未央宫剧情介绍
14101	四个月复习考研够吗
14184	5平米卫生间集成吊顶暖风机用多大功率
14186	摇号基数序号能查到吗
14221	林芝有什么功效
14224	南半球和北半球的气候变化是一样的吗
14241	避风塘怎么加盟
14324	除了原告被告外还有第三见证人怎么写诉状
14458	维生素b 最补什么
14464	今天自己摆摊了吗
1448	乳腺结节是啥
14508	买手机买手机卡的
14512	佳丽归家打一生肖
14562	空调接收器坏了怎么修
14589	完美世界石昊和月婵在一起了吗
14608	五个月,宝宝每天半夜发热,白天正常
14620	摩托车线圈充电线怎么测量
14621	在职找其他工作,要写现工作吗
14626	殷世航一个月挣多少钱
14674	日本耕地面积
14681	为什么更改数据折线图不变
1470	校园欺凌的本质是什么
14700	电视果二维码错误
14748	晚餐吃五色养颜粥能减龄
1476	我笔记本一开始自带定时关机,怎么重装系统后就没了
1477	香港一个区有多少警察
14781	尿道口分泌绿色液体
14810	各省高考难度排行榜
14811	人为什么要做爱
14826	手机号被停涉嫌诈骗
14836	地沟油的危害
14882	奔驰glcl和宝马x3新款怎么选
14883	捷豹xjl 3.0油耗
1491	口袋妖怪究极绿宝石4学习装置没用
14914	乐养道产品怎么样
14937	教育用地属于什么性质
14948	上海外地车牌限行规定2021最新
14973	表弟结婚了,人家给红包了要说什么
14986	如何辩认各种乔木及名称
14988	右转不减速不打灯影响正常行驶电瓶车
15022	2021打车软件哪个最便宜
15069	离心机12000rpm
15124	宇飞来手机怎么会发烫
15169	电脑快捷键截图按哪几个键
15256	最是人间留不住朱颜辞镜花辞树
15312	宝莲灯杨戬武功全废哪一集
1532	贾元春是谁的孩子
15348	茎词典怎么查
15396	知乎大数据分析
15399	左肩有你有女主吗
15420	我睡着的样子一段话
15422	平乡县在中纪委的叫袁什么
15491	博希莱的父亲是什么来头
15496	威豹背包是名牌吗
15544	热贴坏了弄衣服上怎么清洗
15571	晚上有猫进家好不好
15595	求签疾厄平安是什么意思
15615	租睡觉女电话号码
15737	nsapex多大
15743	13凯越 机油
15747	江苏哪里学会计的
15753	黑灵芝的作用与功效
15773	甲状腺手术六个月了能吃辣椒了吗
15789	重体力活后肺里疚的难受
15790	描述设计的灵感好诗句
15798	学雷锋手抄报简单,字又少
1581	问男朋友有多少存款
15819	出石家庄市需要什么证明
15835	林冲返回草料场发现了什么
15866	看大妈跳舞的说说
15876	梦到自己生孩子流了好多血怎么回事
15953	鸡蛋壳用途有哪些
15997	人头税和户税的区别
16012	世间五彩 我执纯白下句
16014	黄金周该不该出去旅游
16021	兰州今天戒严到几点
16028	要是什么不就什么造句子
16034	发到合肥的货要发什么物流
16083	微赚抢单平台靠谱吗
16158	错车时候我的后视镜没坏对方的会坏吗
16178	手掌起红疹子脱皮用什么药
16257	保定有狗市吗
16285	国家电网安全责任清单管理办法由什么负责本单位安全
16338	纳税报表简单格式
16354	小布小布现在几点了
16358	区人大常委会副主任是个什么职位
16371	高级彩虹屁文案
16382	魅聊是真的吗
16384	漫威what if什么时候出
16403	431000是哪里的邮编
16408	安保针好还是硫酸镁好
16419	云能行怎么租车
16434	病人想喝酒可以用什么代替
1645	肝吸虫吃什么药能好
16466	润安杰大脑生物反馈治疗仪多少钱
16468	自己是残疾人怎么告诉网友
16473	阿胖山视频能挣多少钱
16482	6x1意思是一场都
16515	自私可耻还是合理
16548	有人能爱我吗byfire
16587	手围测量方法
16595	女孩子第一次出去打工
16614	西华大学排名
16621	鱼怎么喂养
16636	原来我很爱你男主眼睛好了吗
1664	心累了欠别人钱好想自寻短见怎么办
16645	海珠土华村还是士华
16663	怎么会早写完作业编码吗
1667	重庆哪里买房子性价比高
16672	浦乳期可以然烫头发吗
16704	基金最新净值一天更新几次
16729	花儿什么美得很哪补充完整
16743	哈弗m6分期落地价多少钱
16753	甲鱼的功效与作用及禁忌人群甲
16785	严重逾期黑户烂户必放款的网贷
16798	b超单妊娠囊28 20是怎么看男女
16799	油溪水泥名称
16828	香港带电饭煲回大陆怎么打税
16883	男人脸色黑红
16886	sin的平方(x π/4),f(a)=2,
16895	上海110报警电话区号
16926	江流天地外,山色有无中全诗
1693	两个月的宝宝不拉就不拉,一拉特别多
16962	彩陶坊酒系列砥柱多少钱
16975	vivo的智慧识图怎么在电脑上使用
16997	男士内裤怎么穿
17039	指穷于为薪,火传也,不知其尽也
17043	用相当于作比较的句子有哪些
17094	南京肠胃 医院哪个号
17106	党政机关顺口溜
17116	单窗口单ip怎么查看
17151	丰都南天湖看雪游玩攻略
17162	关羽败走麦城原著与电视剧的区别
172	实际与图纸混凝土损耗
17216	悟以往之不谏知来者之可追的意思
17220	复方利多卡因软膏常用会对身体有害处吗
17237	怀旧服升级职业排名
17243	抽油烟机烟筒能在房顶吗
17255	往自己银行卡号打钱才可以借冻真的吗
17269	泊头尚峰超市怎么加盟
17285	徐志摩有的人走着走着
1730	广州购房资格最新政策2021
17344	1928年在莫斯科举行的自己解代表大会
17349	征召志愿本科线下多少分可以填
17358	登录快手是,请勾选同意后登录啥意思
17374	暖宫孕子丸吃了会腹泻么
17378	太空食品有哪些
17387	网上怎么找同样图片
17402	20升燃气热水器一小时气量
17404	婴儿经霉菌的阴道产出会怎样
17405	投诉海底捞会怎么解决
17423	写剧本能赚多少钱
17444	定义域怎么求例题
17457	十岁儿童还能打水痘疫苗第二针
17476	致敬可以用于活人吗
17478	绝句迟日古诗原文及翻译
17497	安英老公是谁
17503	这个商场好热闹真是人山人海妈妈说加标点
17504	苹果手机怎么设置公交卡密码
17519	苏州智邦劳务派遣有限公司正规吗
17537	嘴里老发痒要用什么药
17547	银行卡被异地警察冻结,冻结礼拜天算时间吗
17556	拼多多烟油的暗语是什么
17595	奥迪a3近光灯左右调整
17602	三星s20fe新机怎样激活
17603	新店开业横幅怎么写
17629	辛有志昨天直播卖了多少钱
17635	现在可以从越南回中国吗
17702	前列腺癌补肾阳
17749	水电站发电原理全过程
17810	房管局是什么
17836	酷路泽标志是什么
17867	乳腺癌术后化疗有时漏尿咋回事
17885	脖子上有小白疙瘩是怎么回事
17899	不能带上高铁的化妆品
1792	分给全部小朋友美食做啥好
17944	青春期变态或病态心理民间治疗
17963	无法看到别人分享的萤石
17982	什么鱼牙齿有毒
17997	橘子皮加萝卜
17998	潮南区黄冈实验学校怎么样
1800	八一建军节搞什么活动好
18007	工资没到账应该怎么查
18012	6核cpu能玩什么游戏
18017	腰椎盘突出可以做固肾功嘛
18025	静态线程访问 成员
1803	尿素几天能起效果
18065	哈尔滨经侦大队做什么的
18066	白色头状花乔木树北方7月开花
18070	抖音上怎么没法添加收货地址
18093	一岁宝宝睡着发烧39.9
18113	评中国共产党是怎样起家的
18163	罗汉鱼腹部红肿
18168	含有洗字的谚语
18192	乳腺癌术后一年创面紧绷感,肿胀感,微痛刺疼感
18216	上林有什么保护动物
18235	智恒cf24f bios
18252	哺乳期胸部疼还有烫烫的感觉
18293	心梗去世为什么保持一个姿势
18301	弱精怎么治疗比较好精液检查
18314	猿辅导的图片怎么打印
18351	矫正牙齿垫高咬合怎么吃东西
1836	lcr测容值原理
18365	人参五宝茶晚上喝一杯好吗
18383	奖学金答辩问题
18402	二十几岁的人得风湿
18405	连说三遍有有有
18411	聊城香格里华粹园是哪里开发的
18413	售楼处没有国有土地使用证
18420	西方绅士鞠躬礼仪
18422	单刃螺旋铣刀怎么磨
18424	多少平米房屋不没消防池
18434	应用锁关了为啥还显示有
18440	真盖塔vs新盖塔主题曲罗马音
18456	来和愚上部念什么
18519	重庆矿业工程学校怎么样好不好
18556	保胎可以吃炒拉面吗
1858	16岁头发两个星期能长多长
18596	以后黔江划分为那个区管
18617	富阳晚上哪里有小红灯
18625	钻戒买30分还是50分
18639	北京赛车可信吗
18675	steam密码格式总不对
18749	角质蛋白是蛋白质吗
18835	南雄旅游自由行攻略
18866	别问我是谁王馨平唱
18876	qq飞车端游玩法
18898	汽车中控显示发动机和电瓶标志
18940	一年级语文和五年级哪个好教
18958	21年两会召开时间
18971	闺蜜不好的形容词
18990	组装机构时如何避免干涉现象
19021	刚吃完叶酸片可吃核桃不
19026	在小企业做文员轻松还是在大企业轻松
19050	葡萄架吊顶消防能过吗
19069	买房的时候有个第三方借支
19078	天眼停电是不是不工作了
19099	盗墓笔记的神明是
19118	鹿胎白蹄甲是什么
19138	醉扶归的资源都在哪能获取
19145	小羊和狼的故事内容
19186	淘宝评价视频不能超过15秒
19187	车险船舶税几年买一次
19226	妇幼保健院护士三班倒
19231	山航可以带多大的行李箱
19257	伊可新能否单独使用
1927	g470联想笔记本配置
19296	清油能与漆融合吗
19319	高于或者等于某日期显示红色
19349	学生处和辅导员怎么选
19383	都匀特色地道美食
19401	梦到金龙飞上天
19421	别人买车上自己的户好不好
19429	日常开支记账表格
19479	强力定眩片能改善脑供血吗
19480	五年级会用qq充q币吗
19488	中元节扫墓时黄蝴蝶落在旁边
19496	蒙牛改进措施
1951	节径的符号
19533	髙考个试卷保密人员什么时候解密
19536	12.5*3.2简便运算
19555	翻沙鱼有哪些
19560	全英雄使用技巧详解
19589	斯里兰卡用什么聊天软件
19660	牙龈乳头增生
19739	给前女友发信息不回也不删除
19740	妄想山海去别的阵营钓鱼属于那种
19796	劳力士售后保养费用
1980	坐飞机短信提醒提前3小时
19821	爱之城有电影院吗
19858	在地下城寻求邂逅是否搞错了什么小说
1988	迷雾森林矿洞怎么开
19894	cu前缀什么意思
19920	浙江台州的鞋质量怎样
19980	现在的鱼多少钱一斤分别等于
19988	空调风管风压试验
19999	长虹平板变横屏
200	右脚大拇指疼痛
20007	暗网在中国可能出现吗
20039	沈阳哪有啊呀呀专卖店
2008	加湿器嗡嗡响是什么原因
20129	石材单片锯切割上小下大下不致
2015	霸刀传说好玩吗
20158	苹果组装屏幕容易失灵是吗
20167	张蕴玉将军简介
20172	195是衣服里什么号码
2020	山上什么可以吃
20217	骑鹅旅行记最能体现尼尔斯顽皮的句子
20253	清肠排毒减肥方法最好的方法
20279	上海衡山虹人流多少钱
20281	玉林市沙田镇缺什么教师
20285	男朋友兄弟都知道自己说明
20296	决明子菊花茶吃葡萄干
20312	写出分子式为c5h6o4的不饱和二元羧酸的
20361	什么是季风气候
20388	党的几大提出加强和创新社会管理
20393	零声母音节有几种表现形式
20444	三年级平行四边形周长怎么算
2049	高中物理简谐运动怎么看初相位
20542	赞美极第馆的句子
20561	轻卡排行榜前十名
20571	事业单位刑满释放待遇
20606	珂润雅漾洗面奶哪款好用
20625	劲动脉斑块吃什么药
20627	网红k6被关多少年
20684	中秋节团圆是什么时候吃饭好
20701	货车保险杠前面加装的灯叫什么
20718	具备股东资格,但不具备收益权
20731	速卖通第三层级
20808	长春师范高等专科学校能升本科吗
20844	高新技术企业保持认定条件
2090	描写夏天的好句摘抄
20922	处女膜因为剧烈运动伤了还会疼吗
20932	针灸,扎的我涨痛,刚觉血管都要破了
20939	品质有保证的团体意外险
20964	东篱君的真实身份
210	125000mah是多少度电
21011	孕妇炖什么汤比较补营养
21017	河南工程学院专升本录取分数线2020
21143	骨架钢筋怎么连接
21148	手写小论文写在a4纸吗
21153	白乳胶的用途
21162	顾倾舟和司行霈有原型吗
21182	2015款速腾1.4t自动豪华版是几缸
21194	关于民生的例子
21283	健身环大冒险连投影仪吗
21298	木星为什么叫木星
21339	萧颖士文言文翻译唐天宝初
21436	移动秘书月租费265是啥
2145	冠牛木门一般多少钱
21453	京东补单技巧
21454	京训钉怎么快速看完
21463	49853保留整数是
21478	棱锥的体积公式
21484	怎么坚持减肥的信念
21492	什么是核心战斗力
21528	沈阳代办车检收费标准
21556	人知其一 莫知其他
21570	2020年藏水入疆开工了吗
21599	wifi用什么好
21621	超银河传说经典台词
21635	西安几千年历史了
21743	y102是什么道路
21761	换户口本在哪里换,当天可以拿到吗
21779	姨妈推迟20天用早早孕有用吗
21791	对外汉语教师资格证法学专业可以考吗
21902	心中有梦,眼里有光,脚下有路,未来不忧
21953	男孩子右眼泪痣
21958	信用飞借款申请成功银行处理中
21984	1000元以上送礼多少合适
22038	y等于根号x的反函数
22054	6500预算笔记本做3dmaxs这些
22066	小米手机如何使用3g网
22074	不能陪母亲过生日发朋友圈怎么写
22075	河北4.2米货车拉绿通收高速费吗
22105	cad怎么画坎的朝向
22115	急性滑脱性髌股关节撞击综合征
22119	等额本金利率是多少
22155	京东客服投诉电话人工是95518
22162	小学科学招聘面试会考五六年级吗
22198	蚊子喜欢咬什么部位
22213	1918年一块大洋的购买力
22216	病菌性感染是什么意思
22266	想考劳务员证学费可分期
22275	安全事故造成一人死亡的项目安全员有可能付什么责任
22276	吃柿子喝牛奶会怎样
22295	征信太花但是没有逾期
22310	植发有效果没
22335	风力发电机组工作原理
22419	经济学入门必读书籍
22438	上海高铁站去上海九院怎么走
22455	诺贝尔历届文学奖中国
22519	双眼贴橄榄型好用还是月亮型好用点
22532	去完公园散步,脖子很痒
2256	佐其费什么意思
22572	亲人去世要禁欲49天吗
22658	乐弘出自哪里
22664	中科院面试及入职流程
22672	汗管瘤是什么原因造成的
22689	什么检查能看出做过人流
22691	乌鸡白凤丸可以和维生素一起吃吗
2270	小米系统升级sim识别不了
22733	标杆人物是什么意思
22743	本朝国运还有多少年
22744	大众手动挂不动
22752	阻车器揺台cy6/5多少钱
22766	21款奥迪a4刷隐藏功能
22778	被拉黑后怎么发送短信
22781	低血糖昏迷的个案护理
22794	贵州茶叶排名
22841	皇帝来避暑山庄是马车还是娇子
22851	gre是考什么的
2289	为啥现在保鲜牛肉时间长
22919	车子订单信息怎么查询
22940	为什么ps新建图片不可以拉图片上去
22941	遂平县为什么不集中供暖
22947	荷载步结束时间
22954	世界最大的隐形富豪家族
22983	苏泊尔高压锅发出尖利的声音啥原因
22986	project打印预览不显示甘特图
2302	半泽直树 百度网盘
23028	中公退费30~45个工作日大概是多久
23097	filecoin在什么平台交易
23129	最大活动安排问题
23136	山灵sml一4ob怎么
23159	支付宝逾期被起诉流程
23160	地级市最多几个区
2317	叶选廉犯了什么错误
23176	小女孩生下来就可以怀孕
23186	章泽天现在的丈夫是谁
23239	杭州红房子医院做人流怎么样
23241	2019哈弗h6问题反应
23294	光电开关x24什么意思
23312	伊一和郑恺是什么关系
23352	不想去别人家怎么拒绝
23355	16华晨宝马x1后轮吃胎
23364	烫画怎么烫在衣服上
23377	左胸肋骨腰上疼
23381	液压油封经常反是什么原因
23393	一个女生对人礼貌
23476	舌苔老是调不正常
23545	工频炉电容补偿与电流关系
2356	娃哈哈是哪个国家的品牌
23578	春风送暖入屠苏的上一句
23603	顺富贷属于什么贷款
23617	做视频要刷新率还是色域
23625	手工做桃子怎么做视频
23646	腰椎盘突出护腰带选购
23704	康麦斯牌伊能清胶囊减肥
23714	车用蓝牙耳机实用吗
23715	补铁的蔬菜和水果都有哪些
23743	怎么把别人的王者荣耀号搞没
23752	欺诈师的恋爱告白可信吗
23765	深夜食堂流浪狗是谁演的
23796	yy7位数字的多少钱
23818	昆华医做颈磁颅一次多少钱
23851	印象澜亭休闲酒店正规吗
23868	甲状腺术后能吃鹅吗
23885	黑猫黑狗的定性
23894	锡纸烤带鱼的做法
23910	不会亚洲蹲军检过不去吗
23952	黄果树瀑布怎么拍人物照好看
2397	家访特色做法及典型事例
23980	支付宝大额转账100万
24038	肺癌第三代药耐药后怎么办
24040	甜瓜不能和什么一起吃
24042	闺蜜结婚祝福语朋友圈
24047	红火蚁是什么
24050	克莱凯蒂是假名牌
24052	享受周末的文案
2408	古筝材料用桐木还是黑檀木好
24111	全球建筑学排名
24122	党徽带哪里
24143	探界者车机油位标准
24186	酒吧内保怎么拿小费
24214	qq游戏个人信息怎么删除
24225	明天又是美好的一天的说说
24285	胰岛素首次用药多少
24294	浓姜水伤肝吗
2430	车院士机油怎么样
24301	未享受房改优惠政策购房(包括那些)
24310	微信昵称李浩的用户,提交了与你
24344	鸡蛋成分含量
24358	情侣农场怎么赚钱快
24362	七八根肋骨骨折赔偿标准
24387	航海王燃烧意志有折扣平台吗
24407	一个课题最多几个人
24412	左甲状腺激素 优甲乐
24435	我的小鱼你醒了还认识早晨吗
24464	怎么哄白羊座男生
24545	macbook电池循环500次
24610	卓尔琪是正品吗
24631	做梦都会算机
24645	崩溃大陆黄金在哪
24672	含钾低的食物
24679	男性下焦湿热吃什么中成药
24689	伯文女歌手简介
2471	电视中寻亲人的景点寺庙是什么地方
24736	工商信用卡刚申请成功就停卡了
24756	家长推荐孩子的推荐信怎么写
24765	带电的粒子有哪些
24766	一寸相思一寸灰打一字
24767	昨晚一夜没睡怎么回复
24814	青海办理退休当年发门诊费吗
24833	幽门螺杆菌能吃维c吗
24835	爆花玉米粒怎么爆
24862	暗恋的女生今天咳嗽
24914	饿了么吃货联盟是什么意思
24938	日复一日打一生肖
2494	孩子与父母的因果缘分
2589	揽途还是浩悦刹车好
2629	儿童电话手表怎么拆开
2698	astro年龄排名
2755	家里面介绍的对象被屏蔽 朋友圈了
2772	deaf造句
2774	卢卡尔和大蛇哪个厉害
2788	为什么感觉猫脖子会突
2790	西藏矿业为什么亏损
2824	艾炙时能喝水
2840	川乌的功效与作用
2845	实木沙发宽度标准尺寸图
2893	文本怎么算乘法
2897	relief皮肤舒缓止痒滋润保湿乳霜怎么样
2947	英雄联盟31级才能说话
2954	3deep射频的优势和好处
3037	炫酷卡通是什么地方的
3078	高血怎样形成的
3113	工商银行卡忘记自己的银行卡在哪里办的
3141	兆驰产业园宿舍怎么样
3153	蜡油500度馏出量
3213	门口种福贵树好吗
3256	文科447分能上哪个大学
3270	王杰的喉咙被谁害得
3295	鸡胸肉怎么做辅食1岁
3300	起亚真的是花架子吗
3356	网易buff手续费
3447	wuli是什么意思
3485	飞雷神苦无怎么画
3490	鲁迅五猖会写作背景
3527	默读广播剧第五季百度网盘
3546	lgv30烧屏解决
3551	饿了么商家维护怎么样
3552	辨别蜂蜜真假的5个方法
3599	我们爱我们的首都怎么填空
36	吉利厂家金融属于网贷吗
3642	珠海汇流兼职一个月能赚多少
3694	舒缓什么什么四字成语第十九课
3703	奥斯卡浪子辉是谁
3704	青霉素敏感可以打疫苗吗
3706	怎样卖掉自己的闲置
3726	柑橘家族中西柚柠檬药剂要稀有什么呢
3747	在梦里在心里我依恋着你是什么歌词
3762	r语言和python
3764	闪筋如何处理
3770	kepserver 破解后还是提示2个小时
3789	标题标记的语法格式
3796	白山滨江学府多少钱一平
3798	如何养肝护肝排毒
3800	xgs是什么网络意思
3801	痛风可以吃油水
3824	怎样办理电子医保卡
3837	张家港市大新镇乡下会拆迁吗
3885	河南省太康县的乡村医生政府给买保险了吗
3899	适合高中女孩带的手镯
3917	增值税纳税申报表附列资料怎么填写
3969	陈胜涉家文言文翻译
3981	牧人以德者集绳人以刑者散
3988	人教版中考考几门
4004	安徒生至智知几几年死亡至几几年出生
4060	姓氏梁还是粱
4062	山东在中国排名第几位
4119	窗中卡怎么安装
4135	哈利波特在岩洞里用什么喂邓布利多喝
4137	做肩部ct多少钱
4176	轮船虽重但能漂浮在水面是因为计么
4188	宝来后座脚下有水
4203	参加党校学习的主要收获
4224	月经初期瞌睡多吗
4229	100道小数除法带答案
4232	员工每年应修的学分
4245	互联网直播服务提供者应当按照什么原则
426	一流企业做标准 二流企业做品牌
4266	世界上有3000多种水果
4283	一岁半宝宝买多大的加绒鞋子
4301	我们一起努力下一句
4302	天策军大都督什么等级
4338	奥克斯空调塔扇怎样调温度的
4352	治疗哮喘十大中成药
4371	阴道需要翻开清洗吗
4397	湘泉酒48还是54度好
4425	长23cm宽10cm等于多少平方厘米
4455	帝豪手动挡挂不上档
4466	1岁儿童两天没大便,出现发烧
447	有报警回执有立案怎么在微信查不到案情
4515	刀剑神域爱丽丝篇异界战争小说第几卷
452	顺义石门出入通怎么办
455	怀念2018年的夏天的文案
4561	直接选举中如有必要委托他人投票可以怎样
4588	装机错误0x80070022
461	无线鼠标卡顿不流畅是什么原因
4650	500mg氯片兑多少水
4656	没有卵黄囊跟营养有关系吗
4696	风居住的街道表达什么
471	国内见证开户哪年停办
4727	绍兴金寨公寓是什么学区
4731	烽火通信待遇怎么样
4771	设计和开发流程
4863	蒸土豆减肥还是增肥
4913	赚多多什么时候到美国纳斯达克上市
4914	4x4平方电缆一米出多少铜
4917	猜一猜世界上第一个鼠标的外壳
493	王者荣耀世界冠军冠军获得着
4941	牛肉和江米能同时吃吗
4955	和班尼特福迪一起攻克难关多少钱
4966	治疗胆绞痛和肾绞痛最好选用
5007	婴儿长期吃冻奶好不好
5014	备查账有哪些
5022	写海涛好句子
5046	10种情况不能打新冠疫苗
5064	动森椰子树只能种在沙滩上吗
5095	小米健康为什么知道我的身高体重
5124	贵阳市甘荫塘三医何时改造
5155	本田dio18期是哪年生产的
5159	正经点 都是30好几
5172	成都无痛流产手术费用多少钱
5176	不排卵该怎么治疗
5188	华医通超过次数微信预约超过次数还有其他预约方式吗
5300	觉醒年代 知乎
5305	十大最烂国产车排名榜
5307	眼睛异物冲洗
5330	怎么阻止天翼1号手机自动跳屏保图片
5341	夜宴链接谁有
537	调压器对音响音质有提升吗
5410	1997年去世的高层人物有哪些
5416	飞机几毫升
5428	糖尿病患者走路非常累
5491	血管瘤传染吗
5507	周德东哪本小说最吓人
5519	红肿双腿无力合拢
5532	喂幺幺零吗表情包
5539	网络词fafa是什么意思
5540	寒窑赋有多少个字
5549	hdmi2.1支持2k144吗
5553	地暖安装一寸阀干什么呢
556	哺乳期乳房一根筋拉着疼怎么回事
5625	word怎么在旁边显示大纲
5672	校长突然走进课堂,课堂变得很沉闷,你该怎么办
572	给爱豆刷数据是什么
5758	家庭关系复杂,但是没有犯罪记录,可以当兵嘛
5771	中信银行不让个性化分期
5805	可以自己搭配聊天记录的软件
5836	肛脱不了是什么意思
5846	读者往事如烟冯骥才赏析
5849	假大约毕业证
5857	手机戴着耳机才能听见我说话
586	和街机一样人物的电影
5878	缙云是温州的吗
5929	汤唯结婚了吗,老公是谁
5934	双飞蝴蝶的叶子是什么样的人成中国首富
5949	朱铁志为什么自
597	富德生命人寿保险需要保费吗
5998	极米投影仪总是自动开机
6009	先天一炁功修炼方法
6038	冀津服务区加油站是中国石化还是中国石油
6123	kinesin名词解释
6135	昆山哪男科好谈协和
621	发朋友圈晒礼物的短语
6212	pubg为什么不能单排
6234	懂车帝怎样购车
6238	消肿散结的食物有哪些
6279	realme x7pro是什么牌子
629	职代会特邀代表的意思
6294	孕酮48升到50多正常吗
6299	为啥我买的五子衍宗丸是238元
6327	衡昌烧坊为什么这么贵
6353	女孩从小的性格
6417	夸克是不可再分的最小微粒
6423	旅游资源价值决定
6462	大江大河1领导直接的关系
6479	15年房贷多少年还完发算
6485	余弦角度公式
652	自然资源局好不好
6543	温州人流医院多少钱
6554	脱贫攻共妻为几年
6594	顶楼防水 要换楼板吗
665	浅橙什么意思
669	naocn各元素的化合价
6691	稀有气体有哪些
6710	详写我为母亲流泪
6729	药品带量采购以后市场怎么推广
6732	多肉水蜜桃好养吗
6775	早上起床时,左侧太阳穴总是霍霍的疼
6791	战忽局与f22的停产
6798	排卵期同房后腰酸白带多
6830	开启什么样的一天
6844	为什么氯化镁不会和次氯酸根反应
6861	西门子plc商标撕掉了不给换怎么办
6892	重铬酸钾与铬酸钾的转化离子方程式
6907	手机外屏碎了单换玻璃
6947	滑膜炎吃什么药效果好需要多久才能好
695	8*13米地基怎么设计
703	50年前有6万块钱什么概念
7042	ppr管道耐高温
7052	固安到新宫多少公里
7093	诛仙里面的,十天飞了三千里
7108	有多少爱可以,有多少人值得等待
7165	职工医保到省属医院报销比倒是多少
7172	掐点上班的人的性格
7182	生蚝可以和菠萝一起吃吗
722	解放海南岛谁领导的
7232	大话手游攻略心得技巧
7271	眼睛晚上干涩怎么回事
7288	双胞胎嫁给一个老公
731	画完妆后可以用隔离吗
7331	玩音游手残怎么办
735	送礼送中华好还是荷花
7389	京东自营店苏泊尔破壁机多少钱
7432	国家和安全局在核安全监督工作总负
7436	小刀电动车突然很慢
7461	假设股本形成时美元对人民币的汇率为6.26
747	哈弗h2刹车灯不亮了怎么办
7482	软妹网名可爱
7507	"徐光启翻译的《泰西水法》中 ""泰西"" 的意思是什么"
7514	升了级的微信不想用了怎么卸载
7525	小米10w无线充包装盒
7559	羊奶粉放久了能喝吗
757	金黄的稻田远远望去就像什么
7584	补品能和感冒药一起吃吗
7588	张士到中街地铁多少站
7596	日本有没有玉米油
7617	日和的果实能力
7676	行车间隔是什么意思
7678	邵阳友谊阿波罗商场有女装紫涵吗
7697	做了hpv检查出血是不是就有问题
7704	方便面菜包为什么不多放
7714	轮胎传感器装新的不能用怎么办
7735	小手的荣耀大结局
774	广西幼儿师范高等专科学校专升本考什么
7753	上下叠字大全
7761	页眉怎么设置成每页不同
7767	雾是个啥
7775	华为500万年薪有多少人
7789	巢湖的街女还有吗
7819	纯净水和矿泉水的关系
7854	皮肤过敏可以吃宽粉吗
7870	中国女篮身高排名
7926	开精神病院的条件
7938	不要碧莲张楚岚4句
7971	上汽通用原厂行车记录仪
799	健身臂围一年涨多少
7990	分享日记的app
8044	地铁站atm能查余额
8055	甲类车间乙类车间怎么区分
8079	就感觉喉咙下边紧像有人掐着
8085	卫校招生要求2020分数线
8123	海带汤用香油
8134	审批核准备案的区别
818	千牛待评价是什么意思
820	samsung耳机怎么戴
8211	大熊猫习性特点
8268	老米勒黑啤怎么样
8280	宜昌至喜饭店在什么地方
83	氮气的氧化物
8303	韩国女歌手rosy是谁
8319	uu主机加速app不能ps4
8370	哈弗h6油耗怎么样 真实
838	沙仁作用和功效
8392	锁骨下四指疼感觉肿是什么原因
8393	同时办两张中信信用卡不用卡种好通过吗
8404	机械幼龙图纸在哪买
8429	公共卫生插座按装多高
8497	丙氨酸氨基转移酶126严重吗
8542	君正集团未来前景如何
8555	才装的空调外机被风吹掉
8569	怎么用ae把抖音logo去掉
8575	fsl灯泡是什么牌子
8593	姓名中带名字的寓意
8594	拍拍贷是湖南的电话嘛
86	排列三直选定位公式
8622	五岁半换牙齿要紧吗
8663	华为手机操作系统
8715	飞歌行车记录仪内存卡读不了
8718	迪拜气候一年四季怎么样
872	koobee怎么开静音
8735	大乐透红球25码一注多少
8767	2021年艺考校考报名时间
8788	谁负责全国互联网
8818	烤爆米花机属于什么类目
8852	嘉峪关小学排名
8875	英语课导入的方式
8901	双氧膏可以擦屁屁红吗
8918	宫颈一字型怀孕要环扎吗
8923	核磁 发虚不清
8947	什么的井沿
9037	优启通怎么制作u盘启动盘
9070	金樽棋牌多少可以提现
9089	筑春酒什么口味
9132	绿通车行驶证年检过期算不算绿通
9164	30多岁没有性生活正常吗
917	徐娇几岁给了周星驰
9211	微粒贷还款卡是什么意思
9220	浙江专科学校排名及分数线2019
9233	出名要趁早是谁说的
9234	什么叫珍珠奶茶
9235	为什么用了vpn还是登陆不了ins
9263	破门而入怎么安装mod
927	看图写话马戏团的小动物在干什么
9277	苹果12pro max高帧率设置
9279	动森如何添加小号
929	上班粉尘大,现在肺不好了,怎么办
9309	分段燃烧技术的原理
9326	阎王爷姓张叫什么名
9351	手机版我的世界视觉盛宴怎么造
9389	腾讯是国企吗
9412	考研面试被问到你如何证明你比别人好
9425	淋巴结肿大26x10
9533	平安尊享组合怎么用
9543	agv是什么意思
956	征收款政府部门带领去化账吗
9561	适合发抖音的文案搞笑
9579	电动车充电时间越来越长
9585	网上中签率和中签号
9601	成立合作社需要什么条件
9617	河南省平行志愿有几个
9644	美国报税的地址
9701	机动车驾驶证申领和使用规定
9727	使命召唤分辨率调不了
974	办理一个劳务外多少
9760	兰陵和康源饲料怎么样
9767	星巴克的星冰乐几分糖
9782	团委老师 收入
9786	感觉忘记一个女孩好痛苦
9800	商城标价和实际不一样处罚
9847	关于恐龙的故事和传说
9891	思维课程是什么
9908	混合物的另一个名字
9926	珠海适合带女朋友去的海边
9936	青岛哪里有机器人
9948	20款悦纳有天窗吗
9962	和丰田同级别的车有什么
9977	肝掌是什么样的
